Run Type,Dataset,Accuracy,Precision,Recall,F1 Score,Disparate Impact,Statistical Parity Difference,PPV Parity,FPR Parity,Model
Adaptive Masking,German Credit,0.78,0.8042553191489362,0.9043062200956937,0.8513513513513513,0.8806451612903226,-0.08525345622119818,0.022575869726128794,0.1528132992327365,Logistic Regression
baseline,German Credit,0.75,0.7973568281938326,0.861904761904762,0.8283752860411899,0.7890986132511557,-0.15401926999085724,0.1578014184397164,0.012307692307692353,Logistic Regression
Adaptive Masking,Income Census,0.847938998784396,0.7079889807162535,0.6757230499561788,0.6914798206278027,0.3589947942816373,-0.2036429050424906,0.05537606115435989,0.11427098528893832,Logistic Regression
baseline,Income Census,0.846502375953144,0.7284277395447326,0.61101243339254,0.6645737744506158,0.3852472657785247,-0.19060936827667813,0.02023212645437844,0.07463331022241995,Logistic Regression
Adaptive Masking,Recidivism Compass,0.6840646651270208,0.6812196812196812,0.8144159072079536,0.7418867924528302,0.8315486993345432,-0.10562351825509719,0.01863224115748008,0.27215351268647203,Logistic Regression
baseline,Recidivism Compass,0.6757505773672056,0.6834966088922382,0.7628259041211102,0.7209856915739269,0.8172581767571329,-0.11421363952679198,0.017262167537726136,0.22132253711201083,Logistic Regression
