Dataset,Masking Value,Accuracy,Precision,Recall,F1 Score,Disparate Impact,Statistical Parity Difference,PPV Parity,FPR Parity
German Credit,-1,0.7766666666666666,0.8008474576271186,0.9043062200956937,0.849438202247191,0.8806451612903226,-0.08525345622119818,0.018409425625920517,0.16751918158567775
German Credit,0,0.77,0.7892561983471075,0.9138755980861244,0.8470066518847007,0.8806451612903226,-0.08525345622119818,0.004285714285714337,0.22634271099744246
German Credit,1,0.7666666666666667,0.8232558139534883,0.84688995215311,0.8349056603773585,0.8806451612903226,-0.08525345622119818,0.10514834205933676,0.4424552429667519
Income Census,-1,0.8495966405127638,0.7523287671232877,0.6016652059596845,0.6686145605064524,0.3589947942816373,-0.2036429050424906,0.005500736339239531,0.07033593275789725
Income Census,0,0.8492651121670903,0.7467741935483871,0.6086765994741455,0.6706904876871077,0.3589947942816373,-0.2036429050424906,0.011889731960212035,0.07487270448664606
Income Census,1,0.8491546027185324,0.7586012408347433,0.5893952673093777,0.6633785450061652,0.3589947942816373,-0.2036429050424906,0.06847933247585902,0.08026838993812711
Recidivism Compass,-1,0.6734411085450347,0.6617076326002588,0.8475559237779619,0.7431892480929895,0.8315486993345432,-0.10562351825509719,0.04063643429130315,0.21540439457690508
Recidivism Compass,0,0.6836027713625866,0.68125,0.8127589063794531,0.741216471477144,0.8315486993345432,-0.10562351825509719,0.017707163109185187,0.2736197883462961
Recidivism Compass,1,0.6799076212471131,0.6820113314447592,0.7978458989229494,0.7353951890034365,0.8315486993345432,-0.10562351825509719,0.051532944724474894,0.12033023077903865
