Masking Value,Accuracy,Precision,Recall,F1 Score,Disparate Impact,Statistical Parity Difference,PPV Parity,FPR Parity
-1,0.7666115937144086,0.7444833282442866,0.7733452406693662,0.7507177474199208,0.6903962183021677,-0.131506626506262,0.024260413784929713,0.1312958199392593
0,0.770611195517417,0.7432068332735677,0.7750628294854353,0.7546635121743113,0.6903962183021677,-0.131506626506262,0.021560391605523848,0.1574235987103001
1,0.7701083857501739,0.7527428084233018,0.7523972046808508,0.7458336178246237,0.6903962183021677,-0.131506626506262,0.07275763354359406,0.14312851142416408
