Dataset,Masking Value,Accuracy,Precision,Recall,F1 Score,Disparate Impact,Statistical Parity Difference,PPV Parity,FPR Parity
German Credit,-1,0.7766666666666666,0.808695652173913,0.8899521531100478,0.8473804100227791,0.8806451612903226,-0.08525345622119818,0.028115501519756836,0.12340153452685415
German Credit,0,0.78,0.8068669527896996,0.8995215311004785,0.8506787330316742,0.8806451612903226,-0.08525345622119818,0.025804038893044168,0.13810741687979539
German Credit,1,0.7866666666666666,0.8165938864628821,0.8947368421052632,0.8538812785388128,0.8806451612903226,-0.08525345622119818,0.02533783783783783,0.26854219948849106
Income Census,-1,0.8492651121670903,0.761986301369863,0.5850131463628396,0.6618740704015865,0.3589947942816373,-0.2036429050424906,0.001996908551614607,0.06448482027158599
Income Census,0,0.8491546027185324,0.7409353652128219,0.6178790534618755,0.6738351254480287,0.3589947942816373,-0.2036429050424906,0.01855845019460589,0.08012580859361836
Income Census,1,0.8460603381589126,0.7610099823840282,0.567922874671341,0.6504391468005019,0.3589947942816373,-0.2036429050424906,0.12841571609632452,0.08778455625537689
Recidivism Compass,-1,0.6739030023094689,0.6627680311890838,0.8450704225352113,0.7428987618353969,0.8315486993345432,-0.10562351825509719,0.042668831283417696,0.20600110501933777
Recidivism Compass,0,0.6826789838337183,0.6818181818181818,0.8077879038939519,0.7394766780432309,0.8315486993345432,-0.10562351825509719,0.02031868572892148,0.25403757065748656
Recidivism Compass,1,0.6775981524249423,0.680624556422995,0.7945318972659486,0.7331804281345565,0.8315486993345432,-0.10562351825509719,0.06451934669661985,0.07305877852862425
