Batch Size,Accuracy,Precision,Recall,F1 Score,Disparate Impact,Statistical Parity Difference,PPV Parity,FPR Parity
8,0.7673647724632574,0.7284689185831099,0.7978269995936023,0.7583665997261714,0.6903962183021677,-0.131506626506262,0.018556135606591972,0.217979630981457
16,0.7635760293237687,0.7059535449535099,0.828321128584312,0.7620920356883673,0.6903962183021677,-0.131506626506262,0.05514573231583005,0.21829392970040473
32,0.7706310514876197,0.7304932580302618,0.8001956815680389,0.7619628760558296,0.6903962183021677,-0.131506626506262,0.0308898284779859,0.1887598246252947
64,0.7697645584430083,0.7396663304236103,0.7801912785147489,0.7560997577273518,0.6903962183021677,-0.131506626506262,0.023743670352572743,0.16261624509737116
96,0.770611195517417,0.7432068332735677,0.7750628294854353,0.7546635121743113,0.6903962183021677,-0.131506626506262,0.021560391605523848,0.1574235987103001
128,0.7692724468524558,0.7401967433312197,0.7778103168112315,0.7544261461261496,0.6903962183021677,-0.131506626506262,0.019354918366827456,0.17027971910787984
256,0.7725085080506998,0.7356217601948837,0.7921809571172788,0.7614445535773736,0.6903962183021677,-0.131506626506262,0.03439355381343012,0.20986812620777387
