Batch Size,Accuracy,Precision,Recall,F1 Score,Disparate Impact,Statistical Parity Difference,PPV Parity,FPR Parity,Dataset
8,0.8484915460271854,0.7220867869332033,0.6489921121822962,0.6835910454650358,0.3589947942816373,-0.2036429050424906,0.03979012002118554,0.09851167296802142,Income Census
16,0.8309205437064869,0.6377289377289377,0.7629272567922875,0.6947326416600159,0.3589947942816373,-0.2036429050424906,0.1312292006698179,0.19855942845990296,Income Census
32,0.8478284893358382,0.7082374597330879,0.6744084136722174,0.6909090909090909,0.3589947942816373,-0.2036429050424906,0.05511201920449338,0.11379343037012267,Income Census
64,0.849486131064206,0.7330293819655522,0.6340929009640666,0.6799812030075187,0.3589947942816373,-0.2036429050424906,0.027496137787790476,0.08824424221348465,Income Census
96,0.8491546027185324,0.7409353652128219,0.6178790534618755,0.6738351254480287,0.3589947942816373,-0.2036429050424906,0.01855845019460589,0.08012580859361836,Income Census
128,0.8489335838214167,0.7386541471048513,0.6205083260297984,0.6744462967373184,0.3589947942816373,-0.2036429050424906,0.021156876530340152,0.08203602826888101,Income Census
256,0.8477179798872804,0.7077205882352942,0.6748466257668712,0.6908927770300584,0.3589947942816373,-0.2036429050424906,0.055685331284905715,0.11427098528893832,Income Census
